{"cameraMode":{"drawMode":0,"name":"Shaded","section":"Shading Mode"},"sceneLighting":false,"audioPlay":false,"sceneViewState":{"showFog":true,"showMaterialUpdate":false,"showSkybox":false,"showFlares":true,"showImageEffects":true,"showParticleSystems":true},"in2DMode":false,"pivot":{"x":-1.0611810684204102,"y":0.7878116369247437,"z":-0.37500911951065066},"rotation":{"x":0.035092949867248538,"y":-0.9403541088104248,"z":0.10225111246109009,"w":0.32271572947502139},"size":5.170580863952637,"orthographic":false}