{"cameraMode":{"drawMode":0,"name":"Shaded","section":"Shading Mode"},"sceneLighting":false,"audioPlay":false,"sceneViewState":{"showFog":true,"showMaterialUpdate":false,"showSkybox":false,"showFlares":true,"showImageEffects":true,"showParticleSystems":true},"in2DMode":false,"pivot":{"x":-0.0005887150764465332,"y":1.176210880279541,"z":0.2744201421737671},"rotation":{"x":-0.10892028361558914,"y":0.7819316387176514,"z":-0.1424814760684967,"w":-0.5970966219902039},"size":3.5316812992095949,"orthographic":false}