{"cameraMode":{"drawMode":0,"name":"Shaded","section":"Shading Mode"},"sceneLighting":false,"audioPlay":false,"sceneViewState":{"showFog":true,"showMaterialUpdate":false,"showSkybox":false,"showFlares":true,"showImageEffects":true,"showParticleSystems":true},"in2DMode":false,"pivot":{"x":0.8418416976928711,"y":0.3437154293060303,"z":1.6650447845458985},"rotation":{"x":0.005473344121128321,"y":0.9808877110481262,"z":-0.19252344965934754,"w":0.027952780947089196},"size":3.2724740505218508,"orthographic":false}