{"cameraMode":{"drawMode":0,"name":"Shaded","section":"Shading Mode"},"sceneLighting":false,"audioPlay":false,"sceneViewState":{"showFog":true,"showMaterialUpdate":false,"showSkybox":false,"showFlares":true,"showImageEffects":true,"showParticleSystems":true},"in2DMode":false,"pivot":{"x":1.1741293668746949,"y":0.2186335027217865,"z":0.14520487189292909},"rotation":{"x":-0.006823826115578413,"y":0.9729812145233154,"z":-0.22916290163993836,"w":-0.028889544308185579},"size":5.945174217224121,"orthographic":false}