{"cameraMode":{"drawMode":0,"name":"Shaded","section":"Shading Mode"},"sceneLighting":false,"audioPlay":false,"sceneViewState":{"showFog":true,"showMaterialUpdate":false,"showSkybox":false,"showFlares":true,"showImageEffects":true,"showParticleSystems":true},"in2DMode":false,"pivot":{"x":-0.1131117045879364,"y":1.192636251449585,"z":0.3922998309135437},"rotation":{"x":-0.07363434880971909,"y":0.7845270037651062,"z":-0.09478670358657837,"w":-0.6084545850753784},"size":8.612907409667969,"orthographic":false}