{"cameraMode":{"drawMode":0,"name":"Shaded","section":"Shading Mode"},"sceneLighting":false,"audioPlay":false,"sceneViewState":{"showFog":true,"showMaterialUpdate":false,"showSkybox":false,"showFlares":true,"showImageEffects":true,"showParticleSystems":true},"in2DMode":false,"pivot":{"x":1.715238094329834,"y":0.019330501556396486,"z":0.017547130584716798},"rotation":{"x":0.02723040245473385,"y":0.9320078492164612,"z":-0.35434165596961977,"w":0.07173985987901688},"size":8.631440162658692,"orthographic":false}