{"cameraMode":{"drawMode":0,"name":"Shaded","section":"Shading Mode"},"sceneLighting":false,"audioPlay":false,"sceneViewState":{"showFog":true,"showMaterialUpdate":false,"showSkybox":false,"showFlares":true,"showImageEffects":true,"showParticleSystems":true},"in2DMode":false,"pivot":{"x":-0.641787052154541,"y":0.9703986644744873,"z":8.770524024963379},"rotation":{"x":0.05321718752384186,"y":0.7968603372573853,"z":-0.07095414400100708,"w":0.5976248383522034},"size":7.735409736633301,"orthographic":false}