{"cameraMode":{"drawMode":0,"name":"Shaded","section":"Shading Mode"},"sceneLighting":false,"audioPlay":false,"sceneViewState":{"showFog":true,"showMaterialUpdate":false,"showSkybox":false,"showFlares":true,"showImageEffects":true,"showParticleSystems":true},"in2DMode":false,"pivot":{"x":2.950000047683716,"y":0.550000011920929,"z":0.0},"rotation":{"x":-0.007103576324880123,"y":-0.14237923920154572,"z":-0.001109088072553277,"w":0.9898667335510254},"size":4.666904449462891,"orthographic":false}