{"cameraMode":{"drawMode":0,"name":"Shaded","section":"Shading Mode"},"sceneLighting":false,"audioPlay":false,"sceneViewState":{"showFog":true,"showMaterialUpdate":false,"showSkybox":false,"showFlares":true,"showImageEffects":true,"showParticleSystems":true},"in2DMode":false,"pivot":{"x":-0.004347741603851318,"y":1.7730376720428467,"z":-0.0264911949634552},"rotation":{"x":-0.009219342842698098,"y":0.9902410507202148,"z":-0.11519001424312592,"w":-0.07856615632772446},"size":6.518200874328613,"orthographic":false}