{"cameraMode":{"drawMode":0,"name":"Shaded","section":"Shading Mode"},"sceneLighting":false,"audioPlay":false,"sceneViewState":{"showFog":true,"showMaterialUpdate":false,"showSkybox":false,"showFlares":true,"showImageEffects":true,"showParticleSystems":true},"in2DMode":false,"pivot":{"x":-0.004347741603851318,"y":1.7730376720428467,"z":-0.0264911949634552},"rotation":{"x":-0.15250928699970246,"y":0.779972493648529,"z":-0.20854537189006806,"w":-0.5700845122337341},"size":6.518200874328613,"orthographic":false}