{"cameraMode":{"drawMode":0,"name":"Shaded","section":"Shading Mode"},"sceneLighting":false,"audioPlay":false,"sceneViewState":{"showFog":true,"showMaterialUpdate":false,"showSkybox":false,"showFlares":true,"showImageEffects":true,"showParticleSystems":true},"in2DMode":false,"pivot":{"x":26.273778915405275,"y":10.776909828186036,"z":1.5221623182296754},"rotation":{"x":0.14381882548332215,"y":0.19862237572669984,"z":-0.029389498755335809,"w":0.9691104292869568},"size":30.839900970458986,"orthographic":false}