{"cameraMode":{"drawMode":0,"name":"Shaded","section":"Shading Mode"},"sceneLighting":false,"audioPlay":false,"sceneViewState":{"showFog":true,"showMaterialUpdate":false,"showSkybox":false,"showFlares":true,"showImageEffects":true,"showParticleSystems":true},"in2DMode":false,"pivot":{"x":0.07148095965385437,"y":2.710480213165283,"z":0.3848724365234375},"rotation":{"x":-0.12744584679603578,"y":0.0199534110724926,"z":-0.002515953266993165,"w":-0.9916954040527344},"size":6.973177909851074,"orthographic":false}