{"cameraMode":{"drawMode":0,"name":"Shaded","section":"Shading Mode"},"sceneLighting":false,"audioPlay":false,"sceneViewState":{"showFog":true,"showMaterialUpdate":false,"showSkybox":false,"showFlares":true,"showImageEffects":true,"showParticleSystems":true},"in2DMode":false,"pivot":{"x":1.1741293668746949,"y":0.2186335027217865,"z":0.14520487189292909},"rotation":{"x":-0.09532691538333893,"y":0.7086883187294006,"z":-0.09754649549722672,"w":-0.6922768950462341},"size":0.0837705135345459,"orthographic":false}