{"cameraMode":{"drawMode":0,"name":"Shaded","section":"Shading Mode"},"sceneLighting":false,"audioPlay":false,"sceneViewState":{"showFog":true,"showMaterialUpdate":false,"showSkybox":false,"showFlares":true,"showImageEffects":true,"showParticleSystems":true},"in2DMode":false,"pivot":{"x":-0.1131117045879364,"y":1.192636251449585,"z":0.3922998309135437},"rotation":{"x":-0.0033546045888215305,"y":0.9959452748298645,"z":-0.0811564177274704,"w":-0.0400279201567173},"size":8.612907409667969,"orthographic":false}